"ii_freq","ii_or","category"
-28.815,-17.8568126430044,"a"
3.92,22.0225645016645,"a"
1.295,-29.0283161191697,"a"
19.47,35.3240677969636,"a"
21.86,-44.1079608564007,"a"
1.585,-10.8699105814207,"b"
-4.695,-20.7659274402285,"b"
-2.325,-22.1042459106578,"b"
-2.5,-49.1093763609156,"b"
17.8,30.7310593374154,"b"
