"rb_freq","rb_or","category"
1.43,-70.2145958077319,"a"
1.13,15.3812376319756,"a"
0.9,-5.40982254948162,"a"
1.31,69.869020615837,"a"
1.72,94.8572485824902,"a"
1.405,-18.8998214039962,"b"
1.555,24.7997324074378,"b"
1.975,-48.9271639870074,"b"
1.865,25.0196438931891,"b"
1.885,10.9830079169499,"b"
